{
	"version":"Sample 1.0.0",
	"model":"shifuku.moc",
	"textures":[
		"texture/00.png",
		"texture/01.png"
	],
	"motions":{
		"tap":[
			{
				"file":"motions/motion02.mtn"
			},
			{
				"file":"motions/motion03.mtn"
			},
			{
				"file":"motions/motion04.mtn"
			},
			{
				"file":"motions/motion05.mtn"
			}
		],
		"idle":[
			{
				"file":"motions/motion01.mtn"
			}
		]
	},
	"expressions":[
		{"name":"f01.exp.json","file":"expressions/f01.exp.json"},
		{"name":"f02.exp.json","file":"expressions/f02.exp.json"},
		{"name":"f03.exp.json","file":"expressions/f03.exp.json"},
		{"name":"f04.exp.json","file":"expressions/f04.exp.json"},
		{"name":"f05.exp.json","file":"expressions/f05.exp.json"},
		{"name":"f06.exp.json","file":"expressions/f06.exp.json"},
		{"name":"f07.exp.json","file":"expressions/f07.exp.json"},
		{"name":"f08.exp.json","file":"expressions/f08.exp.json"}
	],
	"physics":"physics.json"
}